{"train/loss": 2.1999, "train/grad_norm": 0.32216310501098633, "train/learning_rate": 0.0005, "train/epoch": 0.013138446378715717, "train/global_step": 10, "_timestamp": 1718888033.560625, "_runtime": 60.422096967697144, "_step": 0}